,0
â˜¹,sorry need dull night love
â¤,i the excited dont love
ğŸ»,i mad ï¸ happy got
ğŸ˜€,great got u ï¸ man
ğŸ˜‚,i morning the you today
ğŸ˜ƒ,i dont the â€ start
ğŸ˜„,ill happy dont the getting
ğŸ˜…,day start ï¸ â€ ill
ğŸ˜†,u want you mad so
ğŸ˜Š,like i work love this
ğŸ˜,ï¸ â€ great ill happy
ğŸ˜,â€ ill know sorry today
ğŸ˜˜,dont bad love excited sorry
ğŸ˜Ÿ,i think going u the
ğŸ˜ ,good getting its know morning
ğŸ˜¡,sorry life u way dull
ğŸ˜¢,i ï¸ morning start ill
ğŸ˜¤,people day ill like and
ğŸ˜©,dont love bad u ï¸
ğŸ˜­,i ï¸ start dont happy
ğŸ˜°,you start i sorry excited
ğŸ˜±,excited u got life mad
ğŸ™ƒ,this hope love so going
ğŸ™„,start i ill you bad
ğŸ¤£,want going ill dont its
